product_name,link,overall_rating,price,product_category,product_description
BCAA Energy,https://shopee.com.my/search?keyword=BCAA%20Energy,9.4,19.99,BCAA,BCAA Powder with Natural Energizers Sourced from Green Coffee and Green Tea To Support Focus and Recovery*
Gold Standard 100% Whey,https://shopee.com.my/search?keyword=Gold%20Standard%20100%%20Whey,9.3,57.99,protein,24g of Whey Protein with Amino Acids for Muscle Recovery and Growth*
Pre JYM,https://shopee.com.my/search?keyword=Pre%20JYM,9.1,48.99,preworkout,Pre-Workout Powder Powerhouse Packed with 13-Hand Picked Ingredients to Support Improved Workouts*
Essential AmiN.O. Energy,https://shopee.com.my/search?keyword=Essential%20AmiN.O.%20Energy,9.1,18.99,BCAA,Amino Acid Powder with Caffeine from Natural Sources!
Pro JYM,https://shopee.com.my/search?keyword=Pro%20JYM,9.2,56.98,protein,"24g of Pure, Quality Protein in Every Scoop with No Added Amino Acids or Filler Nutrients"
Platinum 100% Creatine,https://shopee.com.my/search?keyword=Platinum%20100%%20Creatine,9.5,7.55,creatine,5g of Micronized Creatine to Support Lean Muscle and Increase Strength*
Post JYM Active Matrix,https://shopee.com.my/search?keyword=Post%20JYM%20Active%20Matrix,9.5,30.39,protein,"Powerful Cocktail Designed to Help Boost Repair, Maximize Recovery, and Build Muscle*"
ENGN Shred,https://shopee.com.my/search?keyword=ENGN%20Shred,9.3,34.99,preworkout,Advanced Pre-Workout + Weight Management
ENGN,https://shopee.com.my/search?keyword=ENGN,9.1,29.99,preworkout,"Intense Pre-Workout Powder for Increased Energy, Power, & Focus*"
Syntha-6,https://shopee.com.my/search?keyword=Syntha-6,9.2,44.99,protein,"22g of an Ultra-Premium Blended Protein Formula for Use Anytime, Day or Night"
BCAA 5000,https://shopee.com.my/search?keyword=BCAA%205000,9.3,17.99,BCAA,"BCAA Powder with 5g BCAAs, Zero Sugar and Zero Calories to Support Recovery and Endurance*"
AminoLean Energy Formula,https://shopee.com.my/search?keyword=AminoLean%20Energy%20Formula,9.6,19.97,BCAA,Essential Amino Acids Formulated with Caffeine from Natural Sources to Support Building Lean Muscle*
Protein Crisp,https://shopee.com.my/search?keyword=Protein%20Crisp,9.6,19.99,protein,Crispy Protein Bar Provides 20 Grams Of Protein With 4 Grams Of Sugar Per Bar
PRE-KAGED,https://shopee.com.my/search?keyword=PRE-KAGED,9.3,37.99,preworkout,Turn Up Your Workout Intensity and Increase Performance with a Revolutionary Workout Primer*
ISO100,https://shopee.com.my/search?keyword=ISO100,9.4,74.99,protein,Hydrolyzed 100% Whey Protein Isolate
Signature Protein Crunch Bars,https://shopee.com.my/search?keyword=Signature%20Protein%20Crunch%20Bars,9.7,24.99,protein,Contains 20g of Whey Protein in Each Bar to Support Workout Recovery & Lean Muscle Growth*
Signature Creatine Monohydrate,https://shopee.com.my/search?keyword=Signature%20Creatine%20Monohydrate,9.5,9.99,creatine,Performance and Muscle Building*
Xtend,https://shopee.com.my/search?keyword=Xtend,9.2,27.99,BCAA,"Intra-Workout Powder with 7g of BCAAs to Build Muscle, Burn Fat, and Aid Recovery During Workouts*"
NITRAFLEX,https://shopee.com.my/search?keyword=NITRAFLEX,9.1,29.99,preworkout,"Pre-Training Formula for Bigger, Better Workouts*"
Signature 100% Whey Protein,https://shopee.com.my/search?keyword=Signature%20100%%20Whey%20Protein,8.8,49.99,protein,25g of Muscle-Building Whey Protein*
EVL TEST,https://shopee.com.my/search?keyword=EVL%20TEST,9,34.99,vitamin,Science Based Natural Testosterone Support Complex*!
BCAA Lean Energy,https://shopee.com.my/search?keyword=BCAA%20Lean%20Energy,9.6,24.99,BCAA,BCAAs + Energy + Weight Management*
NITRO-TECH 100% Whey Gold,https://shopee.com.my/search?keyword=NITRO-TECH%20100%%20Whey%20Gold,9,56.99,protein,Each Scoop Serves Up 24G Of Ultra-Premium Micro-Filtered Protein
Signature BCAA,https://shopee.com.my/search?keyword=Signature%20BCAA,8.7,17.99,protein,Fuel and Recovery Powerhouse*
Creatine Monohydrate,https://shopee.com.my/search?keyword=Creatine%20Monohydrate,9.7,14.97,creatine,5G Of Pharmaceutical Grade Micronized Creatine To Support Growth*
Signature Pre Workout,https://shopee.com.my/search?keyword=Signature%20Pre%20Workout,8,27.99,preworkout,Energizes and Delays the Onset of Muscle Fatigue*
Prime-T,https://shopee.com.my/search?keyword=Prime-T,9.3,34.97,vitamin,Scientifically Formulated Testosterone Support*
Alpha JYM,https://shopee.com.my/search?keyword=Alpha%20JYM,8.4,34.87,vitamin,Helps Support a Healthy Testosterone and Estrogen Balance*
PumpMode,https://shopee.com.my/search?keyword=PumpMode,9,19.99,preworkout,Non-Stimulant Pump Accelerator
ZMA JYM,https://shopee.com.my/search?keyword=ZMA%20JYM,9.1,18.38,protein,Zinc And Magnesium Capsule To Help Maintain Optimal Hormone Levels*
C4 Original,https://shopee.com.my/search?keyword=C4%20Original,8.7,29.99,preworkout,An Advanced Pre-Workout Formulated for Anyone Seeking Increased Energy and Focus*
In-Kaged,https://shopee.com.my/search?keyword=In-Kaged,9.6,21.19,BCAA,Intra-Workout Fuel to Help Improve Endurance and Enhance Your Toughest Workouts*
Stacked Protein,https://shopee.com.my/search?keyword=Stacked%20Protein,9.2,29.99,protein,"25 Gram Protein Complex With Milkshake Taste, With 5g BCAAs and 5g Glutamine To Fuel Your Results!*"
Platinum Hydrowhey,https://shopee.com.my/search?keyword=Platinum%20Hydrowhey,9.4,52.8,protein,Hydrolyzed Whey Protein Powder to Build Muscle*
Pro Gainer,https://shopee.com.my/search?keyword=Pro%20Gainer,9.3,69.69,protein,Whey Protein Powder for Serious Muscle Gain*
AMINOx,https://shopee.com.my/search?keyword=AMINOx,9.2,15.99,BCAA,BCAA Recovery Powder Designed to Offset Muscle Breakdown and Increase Muscular Endurance*
NeuroCore Pre-Workout,https://shopee.com.my/search?keyword=NeuroCore%20Pre-Workout,9.4,20.99,preworkout,Ultra-Intense Energy And Focus*
Post JYM Carb,https://shopee.com.my/search?keyword=Post%20JYM%20Carb,9.4,13.59,BCAA,Dextrose Powder to Replenish Muscle Glycogen Stores*
Serious Mass,https://shopee.com.my/search?keyword=Serious%20Mass,8.5,47.98,protein,Protein Powder Weight Gainer*
Quest Bars,https://shopee.com.my/search?keyword=Quest%20Bars,9.3,29.99,protein,"Clean, Gluten Free Bar with High Quality Protein and No Added Sugar*"
Combat Crunch Bars,https://shopee.com.my/search?keyword=Combat%20Crunch%20Bars,8.8,17.49,protein,Gluten Free Multi-Layered Baked Bar with 20G of Protein
Gold Standard 100% Casein,https://shopee.com.my/search?keyword=Gold%20Standard%20100%%20Casein,8.8,53.94,protein,Nighttime Use Protein Powder for Building Muscle*
C4 Ripped,https://shopee.com.my/search?keyword=C4%20Ripped,9,39.99,preworkout,Explosive Energy and Cutting Formula*
Re-Kaged,https://shopee.com.my/search?keyword=Re-Kaged,9.3,37.97,protein,Whey Protein Isolate Powder to Support Muscle Growth*
Amino Build Next Gen,https://shopee.com.my/search?keyword=Amino%20Build%20Next%20Gen,9.6,17.49,BCAA,Clinically Dosed Performance Enhancing BCAA Formula With Betaine
Glutamine5000,https://shopee.com.my/search?keyword=Glutamine5000,9.6,15.99,BCAA,5000Mg Of L-Glutamine To Support Optimal Levels During And Post Workout*
C-HCl,https://shopee.com.my/search?keyword=C-HCl,9.5,19.99,creatine,750mg Of Patented Creatine Hydrochloride With Uncompromised Quality and Purity
Zero/Low Carb Isopure,https://shopee.com.my/search?keyword=Zero/Low%20Carb%20Isopure,8.6,42.49,protein,Zero Carb Isopure!
N.O.-Xplode,https://shopee.com.my/search?keyword=N.O.-Xplode,8,29.99,preworkout,The Original Pre-Workout Igniter. Re-Engineered
Signature Testosterone Booster,https://shopee.com.my/search?keyword=Signature%20Testosterone%20Booster,9.2,19.99,vitamin,Natural Testosterone Support*
L-Arginine 1500,https://shopee.com.my/search?keyword=L-Arginine%201500,9.9,11.99,protein,Contains 1500mg of L-Arginine HCl to support muscle blood flow & protein synthesis*
Carb Killa,https://shopee.com.my/search?keyword=Carb%20Killa,9.2,33.14,protein,Triple-Layered Deliciously Crunchy Low-Carb Protein Bar!
Pump Boost,https://shopee.com.my/search?keyword=Pump%20Boost,9.3,19.97,preworkout,Promotes Elevated Muscle Pumps and Training Endurance*
LeanBCAA,https://shopee.com.my/search?keyword=LeanBCAA,9.3,19.99,BCAA,BCAA Powder
100% Isolate,https://shopee.com.my/search?keyword=100%%20Isolate,9.4,7.99,protein,Great tasting Ultra-Pure Whey Protein Isolate to Support Muscle Growth and Recovery*
Signature ZMA,https://shopee.com.my/search?keyword=Signature%20ZMA,8.2,12.99,vitamin,Supports Muscle Recovery*
MicroPure Whey Protein Isolate,https://shopee.com.my/search?keyword=MicroPure%20Whey%20Protein%20Isolate,9.6,47.99,protein,"Gluten-free, No Artificial Colors, Naturally Flavored, and Third-Party Tested"
Caffeine,https://shopee.com.my/search?keyword=Caffeine,9.1,4.4,preworkout,Caffeine Tablet for Increased Energy*
Animal Whey,https://shopee.com.my/search?keyword=Animal%20Whey,9.1,46.95,protein,Formulated with Whey Protein Isolate to Supplement the Extreme Protein Requirements of Hardcore Lifters*
Micronized Creatine Powder,https://shopee.com.my/search?keyword=Micronized%20Creatine%20Powder,9.1,15.37,creatine,99.9% Pure Unflavored Creatine with No Fillers or Additives to Support Strength and Power*
True-Mass,https://shopee.com.my/search?keyword=True-Mass,9.1,43.7,protein,Ultra Premium Muscle Mass Gainer*
Mr. Hyde NitroX,https://shopee.com.my/search?keyword=Mr.%20Hyde%20NitroX,8.7,31.49,preworkout,Pre-Workout Amplifier*
Gold Standard Pre-Workout,https://shopee.com.my/search?keyword=Gold%20Standard%20Pre-Workout,8.3,19.99,preworkout,A Pre-Workout Worthy of the Gold Standard Name
UMP,https://shopee.com.my/search?keyword=UMP,9.5,40.4,protein,Ultra-Premium Protein Powder
C4 Ultimate,https://shopee.com.my/search?keyword=C4%20Ultimate,9.3,39.99,preworkout,The Ultimate Pre-Workout Experience
Combat Powder,https://shopee.com.my/search?keyword=Combat%20Powder,9.2,31.48,protein,Protein Powder Blend for Muscle Growth*
Zero Carb Isopure Drink,https://shopee.com.my/search?keyword=Zero%20Carb%20Isopure%20Drink,9,3.99,protein,Ready-to-Drink!
Elite Casein,https://shopee.com.my/search?keyword=Elite%20Casein,8.7,48.76,protein,"25g of Protein to Continuously Feeds Muscles, Even When You Can’t*"
COR-Performance Whey,https://shopee.com.my/search?keyword=COR-Performance%20Whey,9,49.99,protein,Great Tasting Protein with Minimal Fat and Carbs and Added Digestive Enzymes*
Animal Fury,https://shopee.com.my/search?keyword=Animal%20Fury,8.7,29.99,preworkout,"Potent, Powerful Pre-Workout Formula"
Signature Casein,https://shopee.com.my/search?keyword=Signature%20Casein,8.8,49.99,protein,25g of Slow-Release Micellar Casein
Xtend Pro,https://shopee.com.my/search?keyword=Xtend%20Pro,9.8,49.99,protein,Features 25g of pure whey protein isolate per serving to support muscle growth & recovery*
Vapor X5 Ripped,https://shopee.com.my/search?keyword=Vapor%20X5%20Ripped,9.6,29.99,preworkout,The Ultimate Pre-Workout Plus Weight Loss Support*
Wreckage,https://shopee.com.my/search?keyword=Wreckage,9.7,27.99,preworkout,Cutting Edge Pre-Workout Powder For Supporting Focus And Energy*
Elite 100% Whey Protein,https://shopee.com.my/search?keyword=Elite%20100%%20Whey%20Protein,8.7,54.99,protein,100% Whey Protein Concentrate and Whey Protein Isolate
Signature Amino Plus Energy,https://shopee.com.my/search?keyword=Signature%20Amino%20Plus%20Energy,8,17.99,BCAA,"Amino Acids and Caffeine for Energy, Focus, and Recovery*"
The Complete Cookie,https://shopee.com.my/search?keyword=The%20Complete%20Cookie,9,29.99,protein,Vegan Protein Cookie with 16g of Protein for a Delicious Way to Build Muscle*
Creactor,https://shopee.com.my/search?keyword=Creactor,8.9,17.45,creatine,"750mg of Free-Acid Creatine, Designed to Boost Size, Strength, and Recovery With No Bloating*"
Alpha Amino,https://shopee.com.my/search?keyword=Alpha%20Amino,9.2,19.99,BCAA,"Post Workout, Recovery Performance Amino Powder*"
The Curse!,https://shopee.com.my/search?keyword=The%20Curse!,8.4,30.3,preworkout,Pre-Workout Powder for Insane Energy*
TrueFit Grass-Fed Protein,https://shopee.com.my/search?keyword=TrueFit%20Grass-Fed%20Protein,9.7,31.99,protein,Lean Protein from Real Food Sources
Lipo-6 Black Ultra Concentrate,https://shopee.com.my/search?keyword=Lipo-6%20Black%20Ultra%20Concentrate,7.8,27.53,preworkout,"Ultra Concentrated, Powerful, All-Out Fat Burning Formula*"
Signature 100% Whey Isolate,https://shopee.com.my/search?keyword=Signature%20100%%20Whey%20Isolate,9.6,69.99,protein,Hydrolyzed Whey Protein Isolate
Xtend Ripped,https://shopee.com.my/search?keyword=Xtend%20Ripped,8.7,30.39,BCAA,7G BCAAs Formulated To Support Hydration And Cutting*
Protein Energy,https://shopee.com.my/search?keyword=Protein%20Energy,9.3,18.98,protein,Premium Whey Protein with Caffeine from Natural Sources*
Animal Pump,https://shopee.com.my/search?keyword=Animal%20Pump,8.9,34.99,preworkout,The Pre-Workout Muscle Volumizing Vitamin Stack*
Raw IGF-1,https://shopee.com.my/search?keyword=Raw%20IGF-1,9.4,36.74,vitamin,Muscle Building Capsule To Help You Grow
Creatine 5000,https://shopee.com.my/search?keyword=Creatine%205000,9.5,13.99,creatine,Maximize Your Results With The Perfect Creatine Combination*
Her Whey,https://shopee.com.my/search?keyword=Her%20Whey,9,40.92,protein,The Ultimate Lean Protein!
Xtend Energy,https://shopee.com.my/search?keyword=Xtend%20Energy,10,23.99,BCAA,7g of BCAAs in clinically supported 2:1:1 ratio to support workout recovery and muscle growth*
Veggie Elite,https://shopee.com.my/search?keyword=Veggie%20Elite,8.9,34.39,protein,Performance Protein!*
NITRO-TECH Casein Gold,https://shopee.com.my/search?keyword=NITRO-TECH%20Casein%20Gold,8.5,37.79,protein,Micellar Casein Protein For Supporting Muscle Growth
BCAA,https://shopee.com.my/search?keyword=BCAA,9,12.89,BCAA,Amino Acid Capsule or Powder for Muscle Development*
BCAA 2:1:1 Powder,https://shopee.com.my/search?keyword=BCAA%202:1:1%20Powder,9.2,23.19,BCAA,BCAA Powder To Support Muscle Recovery And Growth*
MASS-TECH,https://shopee.com.my/search?keyword=MASS-TECH,8.2,31.35,protein,Advanced Muscle Mass Gainer!
DyNO,https://shopee.com.my/search?keyword=DyNO,8.8,24.97,preworkout,The Most Comprehensive Pre-Workout. PERIOD.
Uplift,https://shopee.com.my/search?keyword=Uplift,8.6,29.38,preworkout,Pre-Workout Energy!*
Vapor X5 Next Gen Pre-Workout,https://shopee.com.my/search?keyword=Vapor%20X5%20Next%20Gen%20Pre-Workout,8.9,29.99,preworkout,A 5-In-1 Pre-Workout Formula Designed To Enhance Muscle Strength And Recovery*
Kasein,https://shopee.com.my/search?keyword=Kasein,8.9,54.99,protein,"Ultra-Premium, Cold-Processed Micellar Casein Isolate"
CELL-TECH,https://shopee.com.my/search?keyword=CELL-TECH,9.2,31.48,creatine,Creatine Powder to Build Muscle*
Gold Standard Natural 100% Whey,https://shopee.com.my/search?keyword=Gold%20Standard%20Natural%20100%%20Whey,9.3,57.99,protein,Perfect For Low Fat/Low Carb Diets!
Protein Cookie,https://shopee.com.my/search?keyword=Protein%20Cookie,9,8.39,protein,18G Of Gluten Free Whey Protein To Satisfy Your Muscles And Your Cookie Cravings
ONE Bar,https://shopee.com.my/search?keyword=ONE%20Bar,9.6,28.34,protein,Contains 21 Grams Of Protein**
Creatine 2500 Caps,https://shopee.com.my/search?keyword=Creatine%202500%20Caps,9.2,26.5,creatine,Increase The Results Of Training With More Endurance And Energy!*
Clear Muscle,https://shopee.com.my/search?keyword=Clear%20Muscle,8.7,49.98,BCAA,The Clear Pill That Helps Build Lean Muscle*
Select Protein,https://shopee.com.my/search?keyword=Select%20Protein,9.1,57.99,protein,Whey Protein Powder to Help Build Muscle*
Cell Tech Hyper-Build,https://shopee.com.my/search?keyword=Cell%20Tech%20Hyper-Build,9.8,24.49,BCAA,5-in-1 Powerful Post-Workout Formula*
Her Aminos,https://shopee.com.my/search?keyword=Her%20Aminos,9.5,23.5,BCAA,Comprehensive Amino Acid Blend!
Phase8,https://shopee.com.my/search?keyword=Phase8,8.4,31.35,protein,Muscle Building Protein Powder Blend*
Signature Mass Gainer,https://shopee.com.my/search?keyword=Signature%20Mass%20Gainer,8.7,50,protein,67g of Mass-Building Protein*
Cake Bites,https://shopee.com.my/search?keyword=Cake%20Bites,7.8,24.99,protein,Deliciously Whipped High-Protein Snack With 20G Of Protein Per 3-Cake Serving*
Super Mass Gainer,https://shopee.com.my/search?keyword=Super%20Mass%20Gainer,8.2,46.97,protein,Formulated with 52 grams of Protein to Support Massive Gains*
PRE W.O.,https://shopee.com.my/search?keyword=PRE%20W.O.,9,39.99,preworkout,"Perfectly Engineered Pre-workout to maximize Energy, Strength, Pump and Intensity*"
Gold Standard 100% Plant,https://shopee.com.my/search?keyword=Gold%20Standard%20100%%20Plant,9,29.99,protein,24g Of Organic Plant Protein Per Serving
Mass JYM,https://shopee.com.my/search?keyword=Mass%20JYM,8.6,63.97,protein,"30G Protein, 30G Carbs And Nearly 5G Fat In Every Serving"
C4 Extreme Energy,https://shopee.com.my/search?keyword=C4%20Extreme%20Energy,8.5,34.99,preworkout,Explosive High Sensory Pre-Workout Energy*
Amino Synergy,https://shopee.com.my/search?keyword=Amino%20Synergy,9.9,27.99,BCAA,Essential Amino Acids to Support Workout Recovery
Isopure Infusions,https://shopee.com.my/search?keyword=Isopure%20Infusions,9.1,24.99,protein,20g of Whey Protein Isolate to Support Lean Muscle Growth and Recovery*
Kre-Alkalyn EFX,https://shopee.com.my/search?keyword=Kre-Alkalyn%20EFX,8.7,28.65,creatine,pH Correct Creatine for Building Muscle*
Creature Powder,https://shopee.com.my/search?keyword=Creature%20Powder,9.4,27.21,creatine,4G Of Professional Strength Creatine Blend For Building And Sustaining Muscle*
BCAA 1000 Caps,https://shopee.com.my/search?keyword=BCAA%201000%20Caps,8.9,19.99,BCAA,Amino Acid Capsules for Repairing Muscle*
High Volume,https://shopee.com.my/search?keyword=High%20Volume,9.1,31.48,preworkout,Support Pump!*
HMB 1000 Caps,https://shopee.com.my/search?keyword=HMB%201000%20Caps,8.5,28.71,BCAA,BCAA Metabolite
The Ripper!,https://shopee.com.my/search?keyword=The%20Ripper!,8.7,28.93,preworkout,"A fast acting, full-strength fat burner.*"
Big 100 Colossal Bars,https://shopee.com.my/search?keyword=Big%20100%20Colossal%20Bars,9.3,22.46,protein,Meal Replacement Protein Blend Bar*
Animal Snak Bar,https://shopee.com.my/search?keyword=Animal%20Snak%20Bar,9.3,23.49,protein,High Protein Food Bar with 27g of Protein per Bar
CellMass 2.0,https://shopee.com.my/search?keyword=CellMass%202.0,9.1,23.99,protein,Concentrated Post-Workout Recovery Powder*
Trutein,https://shopee.com.my/search?keyword=Trutein,9.4,57.99,protein,"Whey, Casein and Egg Protein Powder Blend"
Testosterone Booster,https://shopee.com.my/search?keyword=Testosterone%20Booster,9,11.76,vitamin,Natural Testosterone Support Capsule
Juiced Aminos,https://shopee.com.my/search?keyword=Juiced%20Aminos,9.6,19.82,BCAA,BCAA Powder To Support Muscle Growth And Energy!*
Assault,https://shopee.com.my/search?keyword=Assault,6.7,18.89,preworkout,Pre-Workout Powder for Improved Workouts*
Carbo Plus,https://shopee.com.my/search?keyword=Carbo%20Plus,9.8,8.99,BCAA,Performance & Endurance Support!*
B-Nox Androrush,https://shopee.com.my/search?keyword=B-Nox%20Androrush,8.5,33.45,preworkout,Testosterone Boosting Pre-Workout Powder*
MRE Bar,https://shopee.com.my/search?keyword=MRE%20Bar,9.4,34.99,protein,Meal Replacement Bar with 25g Protein
Total War,https://shopee.com.my/search?keyword=Total%20War,6,39.99,preworkout,"Extreme Energy, Unstoppable Power and Laser-Like Focus*"
Real Gains,https://shopee.com.my/search?keyword=Real%20Gains,8.9,54.99,protein,Clean High Protein Weight Gainer!*
SuperPump MAX,https://shopee.com.my/search?keyword=SuperPump%20MAX,8.1,39.26,preworkout,The Ultimate Pre-Workout Supplement Experience*
Lean Body RTD,https://shopee.com.my/search?keyword=Lean%20Body%20RTD,9.4,44.93,protein,Ready-to-Drink MRP!
Egg Pro,https://shopee.com.my/search?keyword=Egg%20Pro,9.6,16.95,protein,Instantized Egg White Protein Powder
Karbolyn Fuel,https://shopee.com.my/search?keyword=Karbolyn%20Fuel,9.5,57.74,BCAA,High-Performance Carbohydrate Powder for Building Muscle*
Syntha-6 Isolate,https://shopee.com.my/search?keyword=Syntha-6%20Isolate,8.9,53.8,protein,100% Isolate Protein Matrix!
All 9 Amino,https://shopee.com.my/search?keyword=All%209%20Amino,8.3,29.99,protein,"Non-GMO, Contains No Dyes, and Matches the Amino Profile of Whey Protein"
Superior Amino 2222,https://shopee.com.my/search?keyword=Superior%20Amino%202222,8.7,15.48,BCAA,Full Amino Acid Spectrum
C4 Sport,https://shopee.com.my/search?keyword=C4%20Sport,6.4,19.99,preworkout,Pre-Workout Optimized For Exercise*
Pro Complex Protein,https://shopee.com.my/search?keyword=Pro%20Complex%20Protein,9.3,54.78,protein,Muscle Building Protein Mix!*
Ferodrox,https://shopee.com.my/search?keyword=Ferodrox,8.9,58.99,vitamin,Helps Support Healthy Testosterone and Cortisol Balance*
PRO BCAA,https://shopee.com.my/search?keyword=PRO%20BCAA,9.1,19.74,BCAA,Support Recovery After Intense Exercise*
MyoBuild 4x Amino-BCAA,https://shopee.com.my/search?keyword=MyoBuild%204x%20Amino-BCAA,9.8,20.99,BCAA,4:1:1 Bcaa Ratio
Pre-Workout Explosion,https://shopee.com.my/search?keyword=Pre-Workout%20Explosion,9.5,16.01,protein,Clinically Proven Pre-Workout Supplement!
True Mass 1200,https://shopee.com.my/search?keyword=True%20Mass%201200,9.2,48.61,protein,Multi-Functional Protein & Carbohydrate Matrix*
WHEY,https://shopee.com.my/search?keyword=WHEY,9.5,39.97,protein,28g of Protein Per Serving to Support Lean Muscle Growth and Training Recovery*
EAA Max,https://shopee.com.my/search?keyword=EAA%20Max,8.7,25.19,BCAA,With full amino acid profile and 5g of BCAAs per serving to support muscle growth & recovery*
Her Amino Burner,https://shopee.com.my/search?keyword=Her%20Amino%20Burner,9.1,23.93,BCAA,Intra-Workout Bcaa Fat Burner + Energy*
Lean Body MRP,https://shopee.com.my/search?keyword=Lean%20Body%20MRP,9.2,35.3,protein,High Protein Meal Replacement Shake!
Gold Standard 100% Isolate,https://shopee.com.my/search?keyword=Gold%20Standard%20100%%20Isolate,7.6,49.99,protein,With 25g of isolate protein to support muscle growth and weight management*
Pro Pre,https://shopee.com.my/search?keyword=Pro%20Pre,8,32.99,preworkout,"300Mg Of Caffeine To Deliver Energy, Focus, And Endurance*"
Xtend HydraSport,https://shopee.com.my/search?keyword=Xtend%20HydraSport,9,19.99,BCAA,7g of BCAAs per Serving in 2:1:1 Ratio to Support Workout Endurance and Muscle Recovery*
Cor-Performance Glutamine,https://shopee.com.my/search?keyword=Cor-Performance%20Glutamine,9.9,7.99,BCAA,Glutamine Powder For Supporting Workout Recovery*
Creatine X3 Pill,https://shopee.com.my/search?keyword=Creatine%20X3%20Pill,9.9,9.61,creatine,Clinicically Proved Creatine Pill*
Mass-Tech Extreme 2000,https://shopee.com.my/search?keyword=Mass-Tech%20Extreme%202000,8,71.99,BCAA,The Ultimate 100% Whey Protein + Mass Gainer
Protein Brownie,https://shopee.com.my/search?keyword=Protein%20Brownie,8.8,24.97,protein,16g of protein per brownie to support muscle growth and recovery*
Isoburn,https://shopee.com.my/search?keyword=Isoburn,9,25.98,protein,Protein Powder to Support Weight Management*
SYNTHA-6 EDGE,https://shopee.com.my/search?keyword=SYNTHA-6%20EDGE,9,33.98,protein,Leaner Macronutrient Profile For Athletes Looking To Achieve A Shredded Physique
Protein Plus Bars,https://shopee.com.my/search?keyword=Protein%20Plus%20Bars,9.2,22.37,protein,Great Tasting And Convenient!
Elite Protein Bar,https://shopee.com.my/search?keyword=Elite%20Protein%20Bar,8.7,26.97,protein,Deliciously Satisfying Protein in Every Bar
ZMA Pro,https://shopee.com.my/search?keyword=ZMA%20Pro,9.1,25.99,vitamin,High Quality ZMA for Optimal Testosterone Support*
Nitraflex + Creatine,https://shopee.com.my/search?keyword=Nitraflex%20+%20Creatine,8.8,29.99,creatine,Formulated To Increase Power Output And Muscle Endurance*
HydroBCAA,https://shopee.com.my/search?keyword=HydroBCAA,9.9,25.19,BCAA,Formulated With 7G Bcaas To Support Muscle Recovery*
Muscle Milk,https://shopee.com.my/search?keyword=Muscle%20Milk,8.4,53.92,protein,Promote Muscle Growth And Repair!*
Wrecking Balls,https://shopee.com.my/search?keyword=Wrecking%20Balls,7.9,18.2,vitamin,Naturally Support Testosterone Levels in a Normal Range
Prolific,https://shopee.com.my/search?keyword=Prolific,8.2,33.59,preworkout,Pre-Workout Powder Aids In Alertness During Workouts*
Creatine,https://shopee.com.my/search?keyword=Creatine,9.2,10.99,creatine,Patented Pure Creatine Monohydrate Powder for Building Muscle*
Vegan Series Select Protein,https://shopee.com.my/search?keyword=Vegan%20Series%20Select%20Protein,7.6,31.49,protein,20G Of Vegan Protein Per Serving
Stacked Plant Protein,https://shopee.com.my/search?keyword=Stacked%20Plant%20Protein,9.3,34.99,protein,20g of Complete Plant Protein per Serving to Support Muscle Growth and Recovery*
Combat 100% Whey,https://shopee.com.my/search?keyword=Combat%20100%%20Whey,9,38.49,protein,25G Fast Digesting Protein
Essential AmiN.O. Energy + Electrolytes,https://shopee.com.my/search?keyword=Essential%20AmiN.O.%20Energy%20+%20Electrolytes,6.7,15.99,electrolyte,Contains 5g of Amino Acids and 100mg of Caffeine to Support Energy & Recovery*
HMB 1000,https://shopee.com.my/search?keyword=HMB%201000,9.4,31.94,BCAA,Metabolite of Leucine!
Gold Standard BCAA,https://shopee.com.my/search?keyword=Gold%20Standard%20BCAA,9,23.99,BCAA,BCAA Powder for Muscle Endurance and Recovery*
rawfusion,https://shopee.com.my/search?keyword=rawfusion,8.7,35.27,protein,Raw Plant Based Protein!
EAA Energy,https://shopee.com.my/search?keyword=EAA%20Energy,9.9,25.19,BCAA,Contains 8.2g of Amino Recovery Matrix to Support Muscle Recovery and Growth*
Intra Blast,https://shopee.com.my/search?keyword=Intra%20Blast,8.2,41.99,BCAA,Comprehensive Intra-Workout For Aiding Exercise Recovery*
ISO100 Clear RTD,https://shopee.com.my/search?keyword=ISO100%20Clear%20RTD,9,3.99,protein,40g of 100% Whey Protein Isolate.  0g of Sugar and Fat.
100% Whey Protein Isolate,https://shopee.com.my/search?keyword=100%%20Whey%20Protein%20Isolate,8.6,39.99,protein,100% Whey Protein Isolate For Supporting Muscle Growth*
ZMA,https://shopee.com.my/search?keyword=ZMA,8.9,23.97,vitamin,Zinc Magnesium Aspartate to Maximize Absorption and Promote Recovery*
Natural Series Organic Protein Bars,https://shopee.com.my/search?keyword=Natural%20Series%20Organic%20Protein%20Bars,9.6,20.99,protein,"Gluten-Free Plus Contains No Artificial Ingredients, Soy Or Dairy"
BCAA 5000 Powder,https://shopee.com.my/search?keyword=BCAA%205000%20Powder,8.2,19.64,BCAA,Instantized!
Carb Killa Protein Spread,https://shopee.com.my/search?keyword=Carb%20Killa%20Protein%20Spread,9.3,11.28,protein,20% Whey Protein In A Tasty Spread
Carnivor,https://shopee.com.my/search?keyword=Carnivor,8.7,51.65,protein,Bioengineered Beef Protein Isolate!
CreaClear,https://shopee.com.my/search?keyword=CreaClear,9.8,24.99,creatine,Contains 5g of Microencapsulated Creatine Monohydrate to Support Strength & Endurance*
Stacked Protein Gainer,https://shopee.com.my/search?keyword=Stacked%20Protein%20Gainer,9.1,39.99,protein,"50G Of Ultra-Premium, Fast And Slow Release Protein Matrix"
Speed Stack,https://shopee.com.my/search?keyword=Speed%20Stack,9.7,36.74,preworkout,Pre-Workout Drink for Increased Energy*
Animal Nitro,https://shopee.com.my/search?keyword=Animal%20Nitro,9.3,31.17,BCAA,The Essential Post-Workout Anabolic Vitamin Stack*
Isopure Whey Protein Isolate,https://shopee.com.my/search?keyword=Isopure%20Whey%20Protein%20Isolate,8.7,42,protein,Whey Protein Isolate!
L-Arginine,https://shopee.com.my/search?keyword=L-Arginine,8.3,18.96,BCAA,Free Form Amino Acid
Assault Black,https://shopee.com.my/search?keyword=Assault%20Black,8.4,24.49,preworkout,Pre-Workout Powerhouse Formulated For Elite Athletes
Creatine Micronized,https://shopee.com.my/search?keyword=Creatine%20Micronized,8.9,17.27,creatine,5g of 100% Pure Micronized Creatine Monohydrate
Gain Fast,https://shopee.com.my/search?keyword=Gain%20Fast,7.2,12.99,protein,Over 3100 Calories!
JetMASS,https://shopee.com.my/search?keyword=JetMASS,9.7,29.99,protein,German Creatine System!
IsoFlex,https://shopee.com.my/search?keyword=IsoFlex,9.1,45.35,protein,Whey Protein Isolate Powder For Building Muscle*
A:Cuts,https://shopee.com.my/search?keyword=A:Cuts,9.7,17.97,BCAA,Amino Acids to Support Muscle Recovery and Energy*
Pea Protein,https://shopee.com.my/search?keyword=Pea%20Protein,8.1,19.64,protein,Non-GMO Vegetable Protein!
Tribulus 1000,https://shopee.com.my/search?keyword=Tribulus%201000,8.6,13.94,vitamin,Standardized Tribulus Extract to Help Support Natural Testosterone Production*
Elite XT,https://shopee.com.my/search?keyword=Elite%20XT,9.7,39.99,protein,Engineered with 21 Grams of Protein to Feed Muscle for Hours*
Pure Pro 50,https://shopee.com.my/search?keyword=Pure%20Pro%2050,9.2,50.39,protein,Protein Shake for Lean Muscle Support*
Meal Replacement,https://shopee.com.my/search?keyword=Meal%20Replacement,8.5,76.36,protein,Great Tasting And Convenient!
Vapor X5 Neuro,https://shopee.com.my/search?keyword=Vapor%20X5%20Neuro,9.6,29.99,preworkout,Pre-Workout Powder For Supporting Focus
Mega Pre,https://shopee.com.my/search?keyword=Mega%20Pre,10,41.99,preworkout,"Contains 6g L-Citrulline + 300mg L-Norvaline to support nitric oxide production, blood flow & muscle pumps*"
Vitargo,https://shopee.com.my/search?keyword=Vitargo,8.6,73.03,BCAA,Supports Endurance*
C4 Ripped Sport,https://shopee.com.my/search?keyword=C4%20Ripped%20Sport,6.5,22.99,preworkout,"With Caffeine to Support Energy, Mental Alertness, and Focus*"
Torrent,https://shopee.com.my/search?keyword=Torrent,9,47.99,protein,Anabolic Muscle Activating Supplement!*
Vapor One,https://shopee.com.my/search?keyword=Vapor%20One,9.5,37.99,preworkout,With 4g of pure L-citrulline in every serving to support muscle pumps & blood flow*
Hydroxycut Hardcore Elite Sport,https://shopee.com.my/search?keyword=Hydroxycut%20Hardcore%20Elite%20Sport,9.7,29.99,preworkout,Advanced Thermogenic And Weight Loss Support Formula*
PMP Stim-Free,https://shopee.com.my/search?keyword=PMP%20Stim-Free,7.5,31.99,preworkout,Stimulant-Free Pre-Workout
Animal PM,https://shopee.com.my/search?keyword=Animal%20PM,7.9,30.63,vitamin,The Nighttime Anabolic Recovery Vitamin Stack*
Platinum 100% Caffeine,https://shopee.com.my/search?keyword=Platinum%20100%%20Caffeine,8,8.99,preworkout,Featuring 220 mg caffeine in every serving to support mental focus and energy*
Muscle Milk Blue Protein Bars,https://shopee.com.my/search?keyword=Muscle%20Milk%20Blue%20Protein%20Bars,10,24.94,protein,Delicious Protein Bars Made From High-Quality Milk Proteins
Xtend Free,https://shopee.com.my/search?keyword=Xtend%20Free,8,22.39,BCAA,"Intra-Workout Powder With Natural Flavors, Colors, And Sweeteners"
Animal Spiked Aminos,https://shopee.com.my/search?keyword=Animal%20Spiked%20Aminos,8.1,15.99,BCAA,Free-Form Amino Acids with 125mg of Caffeine
Platinum BCAA 8:1:1,https://shopee.com.my/search?keyword=Platinum%20BCAA%208:1:1,9.7,16.79,BCAA,Promote Muscle Protein Synthesis*
Hi Protein Bars,https://shopee.com.my/search?keyword=Hi%20Protein%20Bars,8.9,27.53,protein,5:1 Protein-To-Carb Ratio!
PMP,https://shopee.com.my/search?keyword=PMP,8.2,31.99,protein,Intense Pre-Workout*
Lipo-6 Black Hers Ultra Concentrate,https://shopee.com.my/search?keyword=Lipo-6%20Black%20Hers%20Ultra%20Concentrate,7.1,27.53,preworkout,"Ultra Concentrated, Powerful, All-Out Fat Burning Formula For Women*"
Whey & Oats,https://shopee.com.my/search?keyword=Whey%20&%20Oats,8.8,21.99,protein,27G Of Premium Whey Protein Per Shake
Animal Energy,https://shopee.com.my/search?keyword=Animal%20Energy,10,12.99,preworkout,2-Stage Delivery System Provides Both Quick And Lasting Effects
COR-Performance Creatine,https://shopee.com.my/search?keyword=COR-Performance%20Creatine,8.8,9.99,creatine,Promotes Lean Muscle Mass*
Purple Wraath,https://shopee.com.my/search?keyword=Purple%20Wraath,8.4,47.62,BCAA,New And Improved Flavor!
Aminocore,https://shopee.com.my/search?keyword=Aminocore,9.3,31.45,BCAA,Post-Workout Recovery Powder For Muscle Growth*
TEST FREAK,https://shopee.com.my/search?keyword=TEST%20FREAK,7.8,57.73,vitamin,Promote Muscle Growth & Strength*
NO3 Chrome,https://shopee.com.my/search?keyword=NO3%20Chrome,7.7,29.99,BCAA,Stimulant Free Nitric Oxide Capsule for Increased Pumps*
D-Aspartic Acid,https://shopee.com.my/search?keyword=D-Aspartic%20Acid,7,17.55,vitamin,Natural Testosterone Booster For Building Muscle*
EndoRush,https://shopee.com.my/search?keyword=EndoRush,7.5,29.99,preworkout,Pre-Workout Powder For Improved Workout Energy*
Whey Protein,https://shopee.com.my/search?keyword=Whey%20Protein,9.5,49.99,protein,25G Of 100% Whey Isolate Protein Per Serving
Clinical Strength T-Bomb 3Xtreme,https://shopee.com.my/search?keyword=Clinical%20Strength%20T-Bomb%203Xtreme,8.2,47.19,vitamin,Supports Muscle Mass and Strength*
Ignite,https://shopee.com.my/search?keyword=Ignite,8.2,17.63,preworkout,Women's Pre-Workout & Energy Booster!*
100% All-Pro,https://shopee.com.my/search?keyword=100%%20All-Pro,9.7,32.46,protein,"Great-tasting, Premium-Blended,  Tri-phased Protein formula"
SuperHD,https://shopee.com.my/search?keyword=SuperHD,8.4,29.99,preworkout,Weight Loss Support Capsule*
Platinum PRE-,https://shopee.com.my/search?keyword=Platinum%20PRE-,7.7,34.99,preworkout,Optimum Quality Pre-Workout for Energy & Focus*
Arginine & Ornithine,https://shopee.com.my/search?keyword=Arginine%20&%20Ornithine,9.6,25.18,BCAA,Amino Acids!
Platinum Amino + Energy,https://shopee.com.my/search?keyword=Platinum%20Amino%20+%20Energy,9.4,15.39,BCAA,5g of BCAAs to Suppport Muscle Growth and Recovery*
Alphamine,https://shopee.com.my/search?keyword=Alphamine,9.2,36.74,preworkout,Fat Burner To Help You Reach Your Appearance Goals*
Super Test,https://shopee.com.my/search?keyword=Super%20Test,7.8,49.62,vitamin,Professional Strength Testosterone Support Capsule*
Best Creatine Defined,https://shopee.com.my/search?keyword=Best%20Creatine%20Defined,9.4,31.45,creatine,Creatine Powder For Aiding In Muscle Development
Beta Alanine,https://shopee.com.my/search?keyword=Beta%20Alanine,7.8,17.99,preworkout,Beta Alanine Powder to Support Muscle Carnosine Levels*
Glutamine,https://shopee.com.my/search?keyword=Glutamine,9.7,14.97,BCAA,Post-Workout Powder for Muscle Recovery*
Leucine,https://shopee.com.my/search?keyword=Leucine,9.5,21.16,BCAA,Daily Powder For Preserving Lean Muscle Mass*
Sport Performance Protein,https://shopee.com.my/search?keyword=Sport%20Performance%20Protein,9,91.5,protein,Plant-based Protein!
100% Beef Aminos,https://shopee.com.my/search?keyword=100%%20Beef%20Aminos,8.2,7.59,BCAA,100% Pure Beef Protein!
L-Glutamine,https://shopee.com.my/search?keyword=L-Glutamine,9.6,15.58,BCAA,Glutamine Powder To Help Build Muscle*
Natural 100% Oats & Whey,https://shopee.com.my/search?keyword=Natural%20100%%20Oats%20&%20Whey,9.3,29.77,protein,24 Grams Of Protein!
Ripped Force,https://shopee.com.my/search?keyword=Ripped%20Force,9.5,33.59,preworkout,Pre-Workout Energy Drink*
Doctor's CarbRite Diet Bars,https://shopee.com.my/search?keyword=Doctor's%20CarbRite%20Diet%20Bars,8.9,15.78,protein,Superb Taste!
REAAL,https://shopee.com.my/search?keyword=REAAL,8.8,39.54,BCAA,Contains Blend of 9 Essential Amino Acids to Support Muscle Growth and Recovery*
Reload Recovery Matrix,https://shopee.com.my/search?keyword=Reload%20Recovery%20Matrix,9.7,41.99,protein,All-In-One Post-Workout Powder For Accelerating Muscle Growth & Repair*
naNOX9 Next Gen,https://shopee.com.my/search?keyword=naNOX9%20Next%20Gen,8.7,31.4,preworkout,Hard-Hitting Nitric Oxide Pump Amplifier*
Shock Therapy,https://shopee.com.my/search?keyword=Shock%20Therapy,7.7,28.49,preworkout,Pre-workout NO Volumizer!*
Speed Stack Pumped N.O.,https://shopee.com.my/search?keyword=Speed%20Stack%20Pumped%20N.O.,9.1,36.74,preworkout,Nitric Oxide Caffeine Drink for Increased Energy*
Combat Pre-Workout,https://shopee.com.my/search?keyword=Combat%20Pre-Workout,10,20.99,preworkout,Contains 200mg of caffeine to support focus & energy during workout*
100% Pure Creatine Monohydrate,https://shopee.com.my/search?keyword=100%%20Pure%20Creatine%20Monohydrate,9.1,14.69,creatine,Pure Creatine Monohydrate For Supporting Muscle Size*
Spartan Whey,https://shopee.com.my/search?keyword=Spartan%20Whey,10,41.99,protein,Contains 25g of high quality whey & casein protein per serving to support muscle growth & recovery*
Arginine HCl,https://shopee.com.my/search?keyword=Arginine%20HCl,8.8,25.82,BCAA,Pre-Workout Powder to Promote Performance*
Animal Rage XL,https://shopee.com.my/search?keyword=Animal%20Rage%20XL,7.7,23.67,preworkout,Increased Endurance and Performance!
Creatine 4200,https://shopee.com.my/search?keyword=Creatine%204200,9.7,10.99,creatine,Boosts Muscle Strength Gains!*
Whey Protein Isolate,https://shopee.com.my/search?keyword=Whey%20Protein%20Isolate,9.2,119.53,protein,Mixes Instantly!
Select Protein 4 Oats,https://shopee.com.my/search?keyword=Select%20Protein%204%20Oats,9.3,13.64,protein,Mixes Easily With Oatmeal
Delight,https://shopee.com.my/search?keyword=Delight,8.7,20.57,protein,Women's Premium Healthy Nutrition Shake!
Kre-Alkalyn Creatine,https://shopee.com.my/search?keyword=Kre-Alkalyn%20Creatine,9.9,30.69,creatine,Increased Bioavailability!*
Pro Series Premium Gold 100% Whey Protein,https://shopee.com.my/search?keyword=Pro%20Series%20Premium%20Gold%20100%%20Whey%20Protein,9.6,25.98,protein,Premium Gold 100% Whey Protein
BIO-GRO,https://shopee.com.my/search?keyword=BIO-GRO,8.1,41.99,protein,A True Game-Changer!
Real Food Protein Bar,https://shopee.com.my/search?keyword=Real%20Food%20Protein%20Bar,9,25.99,protein,"Protein Bars Made Egg White Protein, Dates To Bind And Nuts For Texture"
Isopure Original,https://shopee.com.my/search?keyword=Isopure%20Original,9.3,90.41,protein,100% Whey Protein Isolate
Mass Amino Acids,https://shopee.com.my/search?keyword=Mass%20Amino%20Acids,9.7,35.18,protein,Advanced Amino-Nitrogen Technology
Muscle Provider,https://shopee.com.my/search?keyword=Muscle%20Provider,9.9,45.84,protein,Ultra-Premium Protein Powder
All Natural Egg White Protein,https://shopee.com.my/search?keyword=All%20Natural%20Egg%20White%20Protein,8.2,26.95,protein,Dairy Free
GABA,https://shopee.com.my/search?keyword=GABA,8.1,10.77,vitamin,Powerful Amino Acid!*
Pre Build,https://shopee.com.my/search?keyword=Pre%20Build,8.6,34.99,preworkout,An Advanced Pre-Workout Formulated For Extreme Energy And Enhanced Focus*
Amino Build Next Gen Ripped,https://shopee.com.my/search?keyword=Amino%20Build%20Next%20Gen%20Ripped,9.8,17.49,BCAA,With A Precise Dose Of Caffeine For An Energy Boost*
Gut Cut,https://shopee.com.my/search?keyword=Gut%20Cut,9.4,18.2,preworkout,Naturally Boost Energy!*
Isopure Mass,https://shopee.com.my/search?keyword=Isopure%20Mass,9.2,28.44,protein,Lactose Free!
Creatine DNA,https://shopee.com.my/search?keyword=Creatine%20DNA,8.7,13.9,creatine,Creatine Powder Supports High-Intensity Exercise*
Speed Shot,https://shopee.com.my/search?keyword=Speed%20Shot,8,29.39,preworkout,Caffeine for Intense Energy*
Gronk Signature Protein Candy Bar,https://shopee.com.my/search?keyword=Gronk%20Signature%20Protein%20Candy%20Bar,8.3,24.99,protein,20g of Protein to Support Muscle Growth and Recovery*
Taurine Double Strength,https://shopee.com.my/search?keyword=Taurine%20Double%20Strength,8.3,8.18,BCAA,Amino Acid!
Muscle Milk Original RTD,https://shopee.com.my/search?keyword=Muscle%20Milk%20Original%20RTD,8.6,45.13,protein,Ready To Drink!
Her Thermo Energy Chews,https://shopee.com.my/search?keyword=Her%20Thermo%20Energy%20Chews,9.1,20.99,preworkout,55mg Caffeine Per Serving
Flexx BCAAs,https://shopee.com.my/search?keyword=Flexx%20BCAAs,9.4,21.59,BCAA,2:1:1 Optimal BCAA
Outlift,https://shopee.com.my/search?keyword=Outlift,9,39.27,preworkout,Scientifically Dosed Pre-Workout Powerhouse!*
Isopure Plus Zero Carb,https://shopee.com.my/search?keyword=Isopure%20Plus%20Zero%20Carb,9.8,16.99,protein,Zero Carb - Zero Sugar Protein Drink!
P6 Ultra,https://shopee.com.my/search?keyword=P6%20Ultra,8,19.99,vitamin,"Featuring KSM-66® Ashwaganda to support testosterone levels, strength, muscle size & endurance*"
OhYeah! Bars,https://shopee.com.my/search?keyword=OhYeah!%20Bars,9.1,31.08,protein,"Gluten Free, On-the-Go Nutrition Bar and Packed with Protein*"
Grass Fed Whey Isolate,https://shopee.com.my/search?keyword=Grass%20Fed%20Whey%20Isolate,9.9,52.49,protein,Grass Fed Whey Isolate
Creatine Chews,https://shopee.com.my/search?keyword=Creatine%20Chews,8.4,12.78,creatine,Load Your Muscles With Pure Power!*
Testrol Gold ES,https://shopee.com.my/search?keyword=Testrol%20Gold%20ES,6,29.99,vitamin,Advanced Men's Natural Testosterone Booster*
Sport Organic Plant-Based Protein,https://shopee.com.my/search?keyword=Sport%20Organic%20Plant-Based%20Protein,8.6,43.22,protein,Complete Organic Plant Based Protein Power For Supporting Muscle Growth And Recovery*
JetFUEL T-300,https://shopee.com.my/search?keyword=JetFUEL%20T-300,9,32.86,vitamin,Dual Thermogenesis-Testosterone Catalyst!*
AMINO1,https://shopee.com.my/search?keyword=AMINO1,8.8,16.09,BCAA,Post-Workout Powder for Recovery and Endurance*
TribX 90,https://shopee.com.my/search?keyword=TribX%2090,8.9,20.2,vitamin,Natural Testosterone Support Capsule For Building Muscle*
Clean Gainer,https://shopee.com.my/search?keyword=Clean%20Gainer,9.3,30.77,protein,Weight Gaining Protein Powder*
Milk & Egg,https://shopee.com.my/search?keyword=Milk%20&%20Egg,9.1,26.99,protein,No Fat Or Cholesterol!
Isopure With Coffee,https://shopee.com.my/search?keyword=Isopure%20With%20Coffee,9.3,41.47,protein,100% Whey Protein Isolate!
Creatine X3,https://shopee.com.my/search?keyword=Creatine%20X3,9.5,16.22,creatine,Elite Series!
Greek Yogurt Protein Smoothie,https://shopee.com.my/search?keyword=Greek%20Yogurt%20Protein%20Smoothie,10,19.99,protein,Muscle Support From 20G Of Premium Protein
#Shatter SX-7,https://shopee.com.my/search?keyword=#Shatter%20SX-7,9.4,34.99,preworkout,Creatine-Free Pre-Workout to Support Unparalleled Workout Performance*
Muscle Matrix Protein,https://shopee.com.my/search?keyword=Muscle%20Matrix%20Protein,7.2,41.99,protein,Slow-Digesting Anti-Catabolic Protein To Support Muscle Growth*
Muscle Milk Collegiate,https://shopee.com.my/search?keyword=Muscle%20Milk%20Collegiate,9.4,39.05,protein,Balanced and Complete Formula!
Pump,https://shopee.com.my/search?keyword=Pump,9.7,44.93,preworkout,Pre-Workout Vasodilator Powder for Intense Pumps*
High Protein Pancake Mix,https://shopee.com.my/search?keyword=High%20Protein%20Pancake%20Mix,9.7,32.97,protein,2.5 Grams of Total Fat per Serving
AMINOLAST,https://shopee.com.my/search?keyword=AMINOLAST,9,31.73,BCAA,With AMMOJECT Technology!
L-Tyrosine,https://shopee.com.my/search?keyword=L-Tyrosine,7.9,9.62,vitamin,Essential Amino Acid!*
All Natural Driven,https://shopee.com.my/search?keyword=All%20Natural%20Driven,8.6,19.04,preworkout,Pre-Workout With Pure Ingredients!
100% All Natural Whey,https://shopee.com.my/search?keyword=100%%20All%20Natural%20Whey,9,31.45,protein,Mixes Instantly!
RAW Organic Meal,https://shopee.com.my/search?keyword=RAW%20Organic%20Meal,8.4,49.54,protein,Includes Protein And Nutrients From Thirteen Raw Sprouted Ingredients
Growth Factor-9,https://shopee.com.my/search?keyword=Growth%20Factor-9,6.4,99.21,protein,May Help Promote HGH Levels*
AfterShock Recovery,https://shopee.com.my/search?keyword=AfterShock%20Recovery,9.3,62.74,BCAA,Targets Muscle Growth!*
STIMUL8,https://shopee.com.my/search?keyword=STIMUL8,8.6,37.75,preworkout,Pre-Workout Powder For Explosive Workouts*
Platinum Amino 2500,https://shopee.com.my/search?keyword=Platinum%20Amino%202500,9.8,13.99,BCAA,Support for Muscle Growth and Recovery
Carnivor Mass,https://shopee.com.my/search?keyword=Carnivor%20Mass,8.7,44.09,protein,High-Speed Mass!
Amino Pro,https://shopee.com.my/search?keyword=Amino%20Pro,9.1,15.99,BCAA,Advanced BCAA Formula Plus Caffeine for Increased Energy.*
Casein Protein,https://shopee.com.my/search?keyword=Casein%20Protein,9.2,22.46,protein,100% Sustained-Release Casein
MyoFusion Advanced Protein,https://shopee.com.my/search?keyword=MyoFusion%20Advanced%20Protein,9.1,51.02,protein,25g of Whey Protein Concentrate to Support Building Muscle!*
Core ABC,https://shopee.com.my/search?keyword=Core%20ABC,9.4,48.53,BCAA,10g BCAAs Per Serving
Creature,https://shopee.com.my/search?keyword=Creature,9.2,25.69,creatine,Professional Strength Creatine Capsule For Building Muscle*
Carnivor Beef Aminos,https://shopee.com.my/search?keyword=Carnivor%20Beef%20Aminos,8.8,17.63,BCAA,Ultra-Concentrated!
TEST HD,https://shopee.com.my/search?keyword=TEST%20HD,7.9,26.99,vitamin,Hardcore Testosterone Booster!*
Big Noise,https://shopee.com.my/search?keyword=Big%20Noise,6.4,39.99,preworkout,Stimulant Free Pre-Workout For Intense Workouts*
Micronized Creatine Monohydrate,https://shopee.com.my/search?keyword=Micronized%20Creatine%20Monohydrate,8.9,22.46,creatine,Micronized Creatine Powder For Building Muscle*
P6 Original,https://shopee.com.my/search?keyword=P6%20Original,7.6,89.99,vitamin,3-In-1 Testosterone Support*
AdreNOlyn Cuts Pre-Workout,https://shopee.com.my/search?keyword=AdreNOlyn%20Cuts%20Pre-Workout,9.7,62.36,preworkout,3.2 Grams Beta-Alanine
Uplift Max,https://shopee.com.my/search?keyword=Uplift%20Max,10,34.99,preworkout,"Featuring Teacrine for Physical Energy, Focus & Motivation During Exercise*"
Red,https://shopee.com.my/search?keyword=Red,1,41.99,preworkout,Contains 400mg caffeine with TeaCrine per serving for focus & energy*
Amino 23 Liquid Amino,https://shopee.com.my/search?keyword=Amino%2023%20Liquid%20Amino,9.6,12.83,BCAA,Amino Acid Blend!
Organic Plant Protein Powder,https://shopee.com.my/search?keyword=Organic%20Plant%20Protein%20Powder,9,41.19,protein,21g of Protein to Support Muscle Growth and Recovery*
Native Fuel Whey Protein,https://shopee.com.my/search?keyword=Native%20Fuel%20Whey%20Protein,9.6,47.18,protein,Made with Zero Artificial Ingredients and Native Whey
Storm,https://shopee.com.my/search?keyword=Storm,8.7,29.5,preworkout,Cell Volumizing Creatine Formula!*
Enrage,https://shopee.com.my/search?keyword=Enrage,9.5,41.95,preworkout,Preworkout For Awareness & Focus Support*
Combat BCAA + Recovery,https://shopee.com.my/search?keyword=Combat%20BCAA%20+%20Recovery,9,17.49,BCAA,Contains 10g of BCAAs in 3:1:1 ratio to support intense workout and lean muscle recovery*
Anabolic Amino 10,https://shopee.com.my/search?keyword=Anabolic%20Amino%2010,9.3,30.32,BCAA,High-Grade!
Hydra 6 Protein,https://shopee.com.my/search?keyword=Hydra%206%20Protein,9.3,47.66,protein,50% Whey Isolate & 50% Micellar Casein
CN3,https://shopee.com.my/search?keyword=CN3,8.7,29.99,creatine,"Strength, Muscle & Pump Amplifier*"
Pure Pro Shake,https://shopee.com.my/search?keyword=Pure%20Pro%20Shake,9,41.99,protein,"Milk, Casein, and Whey Protein Shake for Building Muscle*"
Muscle Milk Pro Series 50,https://shopee.com.my/search?keyword=Muscle%20Milk%20Pro%20Series%2050,9.4,35.94,protein,High Quality Protein!
Status,https://shopee.com.my/search?keyword=Status,7.6,80.1,vitamin,Healthy Testosterone Support!*
CRTN-3,https://shopee.com.my/search?keyword=CRTN-3,9.2,32.35,creatine,"First-time Fusion Of Creatine Nitrate, Creatine Hydrochloride, and Creatine Monohydrate"
Taurine,https://shopee.com.my/search?keyword=Taurine,9.4,13.6,BCAA,Pre-Workout Powder For Increased Energy*
Omnibolic,https://shopee.com.my/search?keyword=Omnibolic,8,33.69,vitamin,Increase Protein Synthesis!*
Natural Pre Workout,https://shopee.com.my/search?keyword=Natural%20Pre%20Workout,8,15.95,preworkout,Contains 149mg of caffeine per serving to support focus & performance*
AllWhey Classic,https://shopee.com.my/search?keyword=AllWhey%20Classic,9.6,50.55,protein,30G Of Great Tasting Whey Protein
2 Shredded,https://shopee.com.my/search?keyword=2%20Shredded,8.5,18.96,preworkout,Professional Strength Thermogenic Capsule For Weight Loss*
Density,https://shopee.com.my/search?keyword=Density,9.8,26.12,BCAA,Pharmaceutical-Grade EAA Supplement
Crisp Protein Bar,https://shopee.com.my/search?keyword=Crisp%20Protein%20Bar,8.2,17.49,protein,With 16g of Protein per Bar to Support Muscle Growth and Recovery*
Outlift Amped,https://shopee.com.my/search?keyword=Outlift%20Amped,9.5,44.91,preworkout,Pre-Workout Powder For Promoting Energy And Power*
Core MRP,https://shopee.com.my/search?keyword=Core%20MRP,9.2,44.93,protein,Meal Replacement!
C:VOL,https://shopee.com.my/search?keyword=C:VOL,9.8,28.34,protein,Extreme Post-Workout Recovery*
BCAA Pro,https://shopee.com.my/search?keyword=BCAA%20Pro,8.8,7.99,BCAA,Added B6 For Absorption!
Carnivor Shred,https://shopee.com.my/search?keyword=Carnivor%20Shred,8.9,31.49,protein,Fat Burning Beef Protein Isolate
After Build,https://shopee.com.my/search?keyword=After%20Build,9.6,27.99,BCAA,Clinically Dosed Next Generation Post-Workout
L-Lysine,https://shopee.com.my/search?keyword=L-Lysine,8.3,12.26,vitamin,Amino Acid!
Combat 100% Isolate,https://shopee.com.my/search?keyword=Combat%20100%%20Isolate,9.3,52.49,protein,Whey Protein Isolate Powder For Lean Muscle Gains
Anadrox,https://shopee.com.my/search?keyword=Anadrox,9.3,23.71,preworkout,Pump & Burn*
Gold Standard Gainer,https://shopee.com.my/search?keyword=Gold%20Standard%20Gainer,8,82.99,protein,Whey Protein Powder for Massive Muscle Gain*
Muscle Milk Gainer,https://shopee.com.my/search?keyword=Muscle%20Milk%20Gainer,8.5,36.28,protein,High Protein Gainer!
Hemanovol ,https://shopee.com.my/search?keyword=Hemanovol%20,8.2,34.01,preworkout,Citrulline Powder To Improve Workouts!
BCAA Natural,https://shopee.com.my/search?keyword=BCAA%20Natural,8.2,27.99,BCAA,Supports Muscle Growth And Recovery
Isolit,https://shopee.com.my/search?keyword=Isolit,10,41.99,protein,Contains 25g high quality whey protein isolate per scoop to support muscle growth & recovery*
Vasogorge Black,https://shopee.com.my/search?keyword=Vasogorge%20Black,9.9,41.99,preworkout,"Contains 300mg VASO6™ and 300mg L-Norvaline to support nitric oxide production, vasodilation & muscle pumps*"
Plant Protein,https://shopee.com.my/search?keyword=Plant%20Protein,8.3,29.99,protein,Naturally Sweetened Plant Protein Powder
Performance Whey,https://shopee.com.my/search?keyword=Performance%20Whey,8.6,37.66,protein,Whey Protein Complex!
Promasil,https://shopee.com.my/search?keyword=Promasil,9.6,49.84,protein,Multi-Source Protein!
Amino IV,https://shopee.com.my/search?keyword=Amino%20IV,8.7,25.19,BCAA,Amino Acid Powder To Support Recovery*
BCAA Complex 2200,https://shopee.com.my/search?keyword=BCAA%20Complex%202200,9.3,19.78,BCAA,BCAAs In A Convenient Capsule*
BCAA 9.7,https://shopee.com.my/search?keyword=BCAA%209.7,9.3,22.67,BCAA,9.7g of Aminos!
Up Your Mass XXXL 1350,https://shopee.com.my/search?keyword=Up%20Your%20Mass%20XXXL%201350,10,55.64,protein,A nutrient dense weight gainer loaded with 1350 calories per serving to assist with building size*
Quattro,https://shopee.com.my/search?keyword=Quattro,9.3,43.49,protein,Tastes Amazing!
Perfect Whey Protein,https://shopee.com.my/search?keyword=Perfect%20Whey%20Protein,9.2,50.83,protein,Low Lactose
NITRO-TECH 100% Iso Whey,https://shopee.com.my/search?keyword=NITRO-TECH%20100%%20Iso%20Whey,10,20.99,protein,Contains 25G Whey Protein Isolate Per Serving to Support Muscle Growth & Recovery*
GlycerGrow 2,https://shopee.com.my/search?keyword=GlycerGrow%202,8.9,22.34,preworkout,Glycerol Powder To Improve Workouts
Reload BCAA+G ,https://shopee.com.my/search?keyword=Reload%20BCAA+G%20,8.5,15.23,BCAA,Post-Workout Powder for Recovery and Endurance*
Maxx Recovery,https://shopee.com.my/search?keyword=Maxx%20Recovery,8.7,46.19,protein,Whey Protein Isolate for Post-Workout Recovery*
Testo FX,https://shopee.com.my/search?keyword=Testo%20FX,7.7,44.93,vitamin,Male Testosterone Supporter
Trutein Naturals,https://shopee.com.my/search?keyword=Trutein%20Naturals,9.1,69.92,protein,"Non-Proprietary Blend Whey, Casein & Egg White Protein Powder"
Protein & Greens,https://shopee.com.my/search?keyword=Protein%20&%20Greens,8.6,34.01,protein,"20g Of Complete, Plant-Based Protein"
All Natural Gainer,https://shopee.com.my/search?keyword=All%20Natural%20Gainer,9.7,31.74,protein,25g Protein/Serving!
BCAA 2200,https://shopee.com.my/search?keyword=BCAA%202200,9.6,10.76,BCAA,Plus Vitamin B-6
100% Pure Glutamine Powder,https://shopee.com.my/search?keyword=100%%20Pure%20Glutamine%20Powder,9.3,9.53,BCAA,Ultimate Recovery Fuel!*
Platinum 100% Amino 2300,https://shopee.com.my/search?keyword=Platinum%20100%%20Amino%202300,9.4,19.99,BCAA,"2,300mg of Aminos for Supporting Strength and Size*"
Muscle Milk Red Protein Bar,https://shopee.com.my/search?keyword=Muscle%20Milk%20Red%20Protein%20Bar,10,30.61,protein,Delicious Protein Bars Made From High-Quality Milk Proteins
Madness,https://shopee.com.my/search?keyword=Madness,7.1,34.01,preworkout,Pre-Workout Powder Engineered Exclusively for High Intensity Workouts*
Creatine A5X,https://shopee.com.my/search?keyword=Creatine%20A5X,10,27.29,creatine,Post-Workout Powder For Recovery And Endurance*
Big 100,https://shopee.com.my/search?keyword=Big%20100,8.1,25.82,protein,Meal Replacement Bar!
Opti-Fit Lean Protein Shake,https://shopee.com.my/search?keyword=Opti-Fit%20Lean%20Protein%20Shake,8.9,24.98,protein,25G Protein And 200 Calories Per Serving
Intracell 7,https://shopee.com.my/search?keyword=Intracell%207,8,41.99,preworkout,Contains 20g fast-digesting carbohydrates for energy*
HEXAPRO,https://shopee.com.my/search?keyword=HEXAPRO,9.4,68.27,protein,Six Protein Powder Blend To Feed Muscles*
Powder Burn 2.0,https://shopee.com.my/search?keyword=Powder%20Burn%202.0,9.4,25.51,preworkout,Long Lasting Pre-Workout Powder
Micronized Glutamine,https://shopee.com.my/search?keyword=Micronized%20Glutamine,9.4,26.95,BCAA,Post-Workout Powder For Muscle Recovery*
Creatine Select,https://shopee.com.my/search?keyword=Creatine%20Select,9.1,26.05,creatine,Creatine + Phosphates + Beta-Alanine
C4 On The Go,https://shopee.com.my/search?keyword=C4%20On%20The%20Go,9.4,37.99,preworkout,"Pre-Mix Pre-Workout for Energy, Focus and Ultimate Convenience!*"
RAW Organic Protein,https://shopee.com.my/search?keyword=RAW%20Organic%20Protein,8.1,37.3,protein,Beyond Organic Protein Formula!
N1-T,https://shopee.com.my/search?keyword=N1-T,8.2,25.98,vitamin,Natural Testosterone Support*
Elite Mass,https://shopee.com.my/search?keyword=Elite%20Mass,8.8,58.89,protein,A Premium Quality Lean Gainer*
Veggie Protein,https://shopee.com.my/search?keyword=Veggie%20Protein,8.5,37.41,protein,100% All Natural!
White Flood Classic,https://shopee.com.my/search?keyword=White%20Flood%20Classic,8.2,34.01,preworkout,Fast Acting Pre-Workout For Intense Pumps*
Protein,https://shopee.com.my/search?keyword=Protein,8,29.99,protein,With 25G Protein Per Serving to Support Women's Muscle Building & Recovery*
Muscle Martini Natural,https://shopee.com.my/search?keyword=Muscle%20Martini%20Natural,6.4,19.99,BCAA,High Performance Amino Acids
Mass Maker Ultra,https://shopee.com.my/search?keyword=Mass%20Maker%20Ultra,5.7,52.45,protein,Ultra-Premium Lean Weight Gainer*
PROVOSYN,https://shopee.com.my/search?keyword=PROVOSYN,10,30.44,protein,"Ultra-Premium Whole Egg, Milk & Beef Protein"
TestroVax,https://shopee.com.my/search?keyword=TestroVax,7.9,58.79,vitamin,Supports Healthy Testosterone Levels Already Within The Normal Range*
Iso Surge,https://shopee.com.my/search?keyword=Iso%20Surge,9.1,36.28,protein,25g of 100% Gourmet Protein Per Scoop
Ultra Iso Whey,https://shopee.com.my/search?keyword=Ultra%20Iso%20Whey,8.7,30.49,protein,Highest Quality Whey!
Kre-Alkalyn,https://shopee.com.my/search?keyword=Kre-Alkalyn,9.7,15.89,creatine,Kre-Alkalyn Capsules To Support Muscle Building*
Whey Protein Plus,https://shopee.com.my/search?keyword=Whey%20Protein%20Plus,9.3,21.39,protein,Elite Series!
Testrol,https://shopee.com.my/search?keyword=Testrol,7.6,24.88,vitamin,Testosterone Activator
SuperHD Xtreme,https://shopee.com.my/search?keyword=SuperHD%20Xtreme,8.1,69.99,preworkout,Take Weight Loss To The Xtreme
Ultra Whey Pro,https://shopee.com.my/search?keyword=Ultra%20Whey%20Pro,8.3,87.83,protein,Triple Whey Formula!
Boom Stick,https://shopee.com.my/search?keyword=Boom%20Stick,10,64.99,vitamin,An Advanced Testosterone Supporting Formula*
Glutamine DNA,https://shopee.com.my/search?keyword=Glutamine%20DNA,9.2,14.68,BCAA,Glutamine Powder For Recovery and Endurance*
JetFUSE,https://shopee.com.my/search?keyword=JetFUSE,8.7,29.99,creatine,Pre-Workout with Creatine and Beta-Alanine to Support Energy*
Protein Powder,https://shopee.com.my/search?keyword=Protein%20Powder,8.5,51.99,protein,Whey Protein Isolate Powder To Support Muscle Building
Caffeine 200,https://shopee.com.my/search?keyword=Caffeine%20200,10,7.36,preworkout,"Support a Boost in Energy, Raised Endurance, Increased Mental Alertness!*"
Fast Fuel,https://shopee.com.my/search?keyword=Fast%20Fuel,8.3,28.94,preworkout,Concentrated Pre-Workout Powder with a Full BCAA Profile*
Super Protein Amino 6000,https://shopee.com.my/search?keyword=Super%20Protein%20Amino%206000,9.5,23.99,BCAA,Protein and Amino Support in a Convenient Capsule*
Isopure Aminos,https://shopee.com.my/search?keyword=Isopure%20Aminos,8.1,19.98,BCAA,BCAA Powder
Amino Complete,https://shopee.com.my/search?keyword=Amino%20Complete,9.6,20.21,BCAA,Muscle Tissue Support!*
Hero Bar,https://shopee.com.my/search?keyword=Hero%20Bar,9.2,33.59,protein,"15G Of Protein, 11G Fiber And 4G Net Carbs (1)"
IsoNatural,https://shopee.com.my/search?keyword=IsoNatural,8.6,93.29,protein,Whey Protein Isolate For Building Muscle*
Hyphy Mud 2.0,https://shopee.com.my/search?keyword=Hyphy%20Mud%202.0,6.7,33.69,preworkout,Potent Pre-Workout*
JetFUEL Original,https://shopee.com.my/search?keyword=JetFUEL%20Original,8.5,26.99,preworkout,Promote Fat Burning!*
Radical Mass,https://shopee.com.my/search?keyword=Radical%20Mass,9.2,49.99,protein,50G Protein From A Triple-Whey Matrix
Beta-Alanine,https://shopee.com.my/search?keyword=Beta-Alanine,8.5,28.08,preworkout,Pre-Workout Powder To Boost Endurance*
1.M.R,https://shopee.com.my/search?keyword=1.M.R,7.8,33.69,preworkout,Concentrated Pre-Workout Powder for Focus and Energy*
TruCreatine+,https://shopee.com.my/search?keyword=TruCreatine+,8,18.13,creatine,150mg of ELEVATP® for energy production*
VP2 Whey Isolate,https://shopee.com.my/search?keyword=VP2%20Whey%20Isolate,8.8,49.84,protein,Hydrolyzed Whey Protein Isolate to Build Muscle*
Combat 100% Casein,https://shopee.com.my/search?keyword=Combat%20100%%20Casein,8.4,36.39,protein,Slow Digesting Casein Protein Powder*
EAA Max Energy,https://shopee.com.my/search?keyword=EAA%20Max%20Energy,8,29.99,BCAA,"Supplies all nine essential amino acids for muscle building and recovery, including 5g BCAAs*"
Native Fuel Micellar Casein Protein,https://shopee.com.my/search?keyword=Native%20Fuel%20Micellar%20Casein%20Protein,8.8,47.18,protein,Slow And Sustained Release To Keep Muscles Fed All Night
Tango,https://shopee.com.my/search?keyword=Tango,10,34.99,creatine,Creatine Powder For Aiding In Muscular Strength*
Natural Isopure,https://shopee.com.my/search?keyword=Natural%20Isopure,8.4,41.07,protein,Natural!
100% Whey Protein + Isolate,https://shopee.com.my/search?keyword=100%%20Whey%20Protein%20+%20Isolate,9.7,79.99,protein,25G Of Protein With 5.6G Bcaas In Every Scoop To Support Accelerated Recovery*
Select Protein Bar,https://shopee.com.my/search?keyword=Select%20Protein%20Bar,9,31.49,protein,Each Bar Delivers 17-19g of Protein to Support Your Fitness Goals*
MY SHAKE,https://shopee.com.my/search?keyword=MY%20SHAKE,8,24.99,protein,23g of Protein Per Serving to Support Muscle Growth and Recovery*
Hydroxycut Black,https://shopee.com.my/search?keyword=Hydroxycut%20Black,8.8,29.99,preworkout,Intense Weight Loss Support With Cutting-Edge Liquid-Thermo Technology
Collagen Peptides,https://shopee.com.my/search?keyword=Collagen%20Peptides,8,43,protein,Contains 20g of Collagen and 18g of Protein Per Serving to Support Health & Wellness*
Patriot's Whey,https://shopee.com.my/search?keyword=Patriot's%20Whey,8,62.99,protein,Cold-pressed and microfiltered for greater mixability
Carb Killa Brownie,https://shopee.com.my/search?keyword=Carb%20Killa%20Brownie,8,30.05,protein,15g of High Quality Protein to Support Muscle Growth & Recovery*
Nuun Sport Tablets,https://shopee.com.my/search?keyword=Nuun%20Sport%20Tablets,9.4,7.99,electrolyte,Effervescent electrolyte tablets for optimal hydration during exercise.
Liquid I.V. Hydration Multiplier,https://shopee.com.my/search?keyword=Liquid%20I.V.%20Hydration%20Multiplier,9.6,24.99,electrolyte,Cellular Transport Technology (CTT) to deliver hydration to the bloodstream faster.
BioSteel Hydration Mix,https://shopee.com.my/search?keyword=BioSteel%20Hydration%20Mix,9.5,34.99,electrolyte,Sugar-free electrolyte formula with essential vitamins and minerals.
Gatorade Thirst Quencher Powder,https://shopee.com.my/search?keyword=Gatorade%20Thirst%20Quencher%20Powder,9.1,12.99,electrolyte,Classic electrolyte replacement powder used by professional athletes.
DripDrop ORS,https://shopee.com.my/search?keyword=DripDrop%20ORS,9.7,18.99,electrolyte,Oral Rehydration Solution (ORS) used for fast recovery from dehydration.
